Name,City,State,Zip,"Type Detailed*",Private,Operator,"Current Guaranteed Minimum","Average Daily Population","Current as of**","Geocodio Latitude","Geocodio Longitude","Geocodio Accuracy Score","Geocodio Accuracy Type","Geocodio Address Line 1","Geocodio Address Line 2","Geocodio Address Line 3","Geocodio House Number","Geocodio Street","Geocodio Unit Type","Geocodio Unit Number","Geocodio City","Geocodio State","Geocodio County","Geocodio Postal Code","Geocodio Country","Geocodio Source"
"ADAMS COUNTY DET CENTER",NATCHEZ,MS,39120,DIGSA,TRUE,CORECIVIC,"1,100","2,169",08/04/2025,31.527752,-91.307025,1,place,,,"Natchez, MS 39120",,,,,Natchez,MS,"Adams County",39120,US,"TIGER/Line® dataset from the US Census Bureau"
"STEWART DETENTION CENTER",LUMPKIN,GA,31815,DIGSA,TRUE,CORECIVIC,"1,600","1,892",08/04/2025,32.069538,-84.728093,1,place,,,"Lumpkin, GA 31815",,,,,Lumpkin,GA,"Stewart County",31815,US,"TIGER/Line® dataset from the US Census Bureau"
"SOUTH TEXAS ICE PROCESSING CENTER",PEARSALL,TX,78061,CDF,TRUE,GEO,"1,350","1,679",08/04/2025,28.867782,-99.108227,1,place,,,"Pearsall, TX 78061",,,,,Pearsall,TX,"Frio County",78061,US,"TIGER/Line® dataset from the US Census Bureau"
"WINN CORRECTIONAL CENTER",WINNFIELD,LA,71483,DIGSA,TRUE,LASALLE,946,"1,555",08/04/2025,31.914948,-92.669269,1,place,,,"Winnfield, LA 71483",,,,,Winnfield,LA,"Winn Parish",71483,US,"TIGER/Line® dataset from the US Census Bureau"
"ELOY FEDERAL CONTRACT FACILITY",ELOY,AZ,85131,DIGSA,TRUE,CORECIVIC,900,"1,395",08/04/2025,32.755415,-111.547272,0.92,street_center,"E Eloy St",,"Eloy, AZ 85131",,"E Eloy St",,,Eloy,AZ,"Pinal County",85131,US,"TIGER/Line® dataset from the US Census Bureau"
"MOSHANNON VALLEY PROCESSING CENTER",PHILIPSBURG,PA,16866,DIGSA,TRUE,GEO,800,"1,374",08/04/2025,40.90297,-78.226134,1,street_center,"Moshannon St",,"Philipsburg, PA 16866",,"Moshannon St",,,Philipsburg,PA,"Centre County",16866,US,"TIGER/Line® dataset from the US Census Bureau"
"OTAY MESA DETENTION CENTER","SAN DIEGO",CA,92154,CDF,TRUE,CORECIVIC,750,"1,366",08/04/2025,32.568251,-116.995069,1,street_center,"Otay Mesa Rd",,"San Diego, CA 92154",,"Otay Mesa Rd",,,"San Diego",CA,"San Diego County",92154,US,"TIGER/Line® dataset from the US Census Bureau"
"MONTGOMERY ICE PROCESSING CENTER",CONROE,TX,77301,CDF,TRUE,GEO,750,"1,217",08/04/2025,30.309332,-95.463339,1,street_center,"Montgomery Dr",,"Conroe, TX 77301",,"Montgomery Dr",,,Conroe,TX,"Montgomery County",77301,US,"TIGER/Line® dataset from the US Census Bureau"
"CENTRAL LOUISIANA ICE PROCESSING CENTER (CLIPC)",JENA,LA,71342,DIGSA,TRUE,GEO,"1,170","1,173",08/04/2025,31.60603,-92.140733,1,place,,,"Jena, LA 71342",,,,,Jena,LA,"Lasalle Parish",71342,US,"TIGER/Line® dataset from the US Census Bureau"
"DENVER CONTRACT DETENTION FACILITY",AURORA,CO,80010,CDF,TRUE,GEO,600,"1,173",08/04/2025,39.739249,-104.862881,1,place,,,"Aurora, CO 80010",,,,,Aurora,CO,"Arapahoe County",80010,US,"TIGER/Line® dataset from the US Census Bureau"
"NORTHWEST ICE PROCESSSING CENTER",TACOMA,WA,98421,CDF,TRUE,GEO,"1,181","1,138",08/04/2025,47.254021,-122.400133,1,place,,,"Tacoma, WA 98421",,,,,Tacoma,WA,"Pierce County",98421,US,"TIGER/Line® dataset from the US Census Bureau"
"PORT ISABEL SPC","LOS FRESNOS",TX,78566,SPC,TRUE,AHTNA,650,"1,058",08/04/2025,26.003902,-97.419293,0.9,street_center,"Old Port Isabel Rd",,"Los Fresnos, TX 78566",,"Old Port Isabel Rd",,,"Los Fresnos",TX,"Cameron County",78566,US,"TIGER/Line® dataset from the US Census Bureau"
"JACKSON PARISH CORRECTIONAL CENTER",JONESBORO,LA,71251,DIGSA,FALSE,COUNTY,500,"1,055",08/04/2025,32.252007,-92.702812,1,street_center,"Jackson St",,"Jonesboro, LA 71251",,"Jackson St",,,Jonesboro,LA,"Jackson Parish",71251,US,"TIGER/Line® dataset from the US Census Bureau"
"BLUEBONNET DETENTION FACILITY",ANSON,TX,79501,DIGSA,TRUE,MTC,750,955,08/04/2025,32.765623,-99.854766,1,place,,,"Anson, TX 79501",,,,,Anson,TX,"Jones County",79501,US,"TIGER/Line® dataset from the US Census Bureau"
"KARNES COUNTY IMMIGRATION PROCESSING CENTER","KARNES CITY",TX,78118,DIGSA,TRUE,GEO,928,930,08/04/2025,28.886189,-97.894864,0.92,street_center,"N Karnes St",,"Karnes City, TX 78118",,"N Karnes St",,,"Karnes City",TX,"Karnes County",78118,US,"TIGER/Line® dataset from the US Census Bureau"
"RICHWOOD CORRECTIONAL CENTER",MONROE,LA,71202,DIGSA,TRUE,LASALLE,677,921,08/04/2025,32.386844,-92.072206,1,place,,,"Monroe, LA 71202",,,,,Monroe,LA,"Ouachita Parish",71202,US,"TIGER/Line® dataset from the US Census Bureau"
"KROME NORTH SERVICE PROCESSING CENTER",MIAMI,FL,33194,SPC,TRUE,AKIMA,450,915,08/04/2025,25.713939,-80.583619,0.5,place,,,"Miami, FL 33194",,,,,Miami,FL,"Miami-Dade County",33194,US,"TIGER/Line® dataset from the US Census Bureau"
"SOUTH LOUISIANA ICE PROCESSING CENTER",BASILE,LA,70515,DIGSA,TRUE,GEO,700,880,08/04/2025,30.47998,-92.611428,0.92,street_center,"La Louisiane Rd",,"Basile, LA 70515",,"La Louisiane Rd",,,Basile,LA,"Acadia Parish",70515,US,"TIGER/Line® dataset from the US Census Bureau"
"OTERO COUNTY PROCESSING CENTER",CHAPARRAL,NM,88081,DIGSA,TRUE,MTC,500,863,08/04/2025,32.002669,-106.390867,1,place,,,"Chaparral, NM 88081",,,,,Chaparral,NM,"Doña Ana County",88081,US,"TIGER/Line® dataset from the US Census Bureau"
"JOE CORLEY PROCESSING CTR",CONROE,TX,77301,IGSA,TRUE,GEO,,849,08/04/2025,30.307375,-95.438548,1,place,,,"Conroe, TX 77301",,,,,Conroe,TX,"Montgomery County",77301,US,"TIGER/Line® dataset from the US Census Bureau"
"EL VALLE DETENTION FACILITY",RAYMONDVILLE,TX,78580,DIGSA,TRUE,MTC,600,844,08/04/2025,26.48146,-97.78305,1,place,,,"Raymondville, TX 78580",,,,,Raymondville,TX,"Willacy County",78580,US,"TIGER/Line® dataset from the US Census Bureau"
"HOUSTON CONTRACT DETENTION FACILITY",HOUSTON,TX,77032,CDF,TRUE,CORECIVIC,750,837,08/04/2025,29.649614,-95.22276,0.99,street_center,"Houston Blvd",,"Houston, TX 77034",,"Houston Blvd",,,Houston,TX,"Harris County",77034,US,"TIGER/Line® dataset from the US Census Bureau"
"IAH SECURE ADULT DETENTION FACILITY (POLK)",LIVINGSTON,TX,77351,DIGSA,TRUE,MTC,350,813,08/04/2025,30.682947,-94.897605,1,place,,,"Livingston, TX 77351",,,,,Livingston,TX,"Polk County",77351,US,"TIGER/Line® dataset from the US Census Bureau"
"EL PASO SERVICE PROCESSING CENTER","EL PASO",TX,79925,SPC,TRUE,GPS-ASSET,450,809,08/04/2025,31.765258,-106.495628,0.96,street_center,"El Paso St",,"El Paso, TX 79902",,"El Paso St",,,"El Paso",TX,"El Paso County",79902,US,"TIGER/Line® dataset from the US Census Bureau"
"PRAIRIELAND DETENTION CENTER",ALVARADO,TX,76009,DIGSA,TRUE,LASALLE,525,808,08/04/2025,32.421034,-97.196279,1,place,,,"Alvarado, TX 76009",,,,,Alvarado,TX,"Johnson County",76009,US,"TIGER/Line® dataset from the US Census Bureau"
"PINE PRAIRIE ICE PROCESSING CENTER","PINE PRAIRIE",LA,70576,DIGSA,TRUE,GEO,,761,08/04/2025,30.781583,-92.428446,1,street_center,"Pine St",,"Pine Prairie, LA 70576",,"Pine St",,,"Pine Prairie",LA,"Evangeline Parish",70576,US,"TIGER/Line® dataset from the US Census Bureau"
"FOLKSTON MAIN IPC",FOLKSTON,GA,31537,DIGSA,TRUE,GEO,544,671,08/04/2025,30.855314,-82.027252,0.5,place,,,"Folkston, GA 31537",,,,,Folkston,GA,"Charlton County",31537,US,"TIGER/Line® dataset from the US Census Bureau"
"IMPERIAL REGIONAL DETENTION FACILITY",CALEXICO,CA,92231,CDF,TRUE,MTC,640,664,08/04/2025,32.679029,-115.498868,1,street_center,"S Imperial Ave",,"Calexico, CA 92231",,"S Imperial Ave",,,Calexico,CA,"Imperial County",92231,US,"TIGER/Line® dataset from the US Census Bureau"
"BROWARD TRANSITIONAL CENTER","POMPANO BEACH",FL,33073,CDF,TRUE,GEO,700,644,08/04/2025,26.298352,-80.180078,1,place,,,"Pompano Beach, FL 33073",,,,,"Pompano Beach",FL,"Broward County",33073,US,"TIGER/Line® dataset from the US Census Bureau"
"RIO GRANDE DETENTION CENTER",LAREDO,TX,78046,"USMS CDF",TRUE,GEO,275,629,08/04/2025,27.539835,-99.517569,0.99,street_center,"Rio Grande Dr",,"Laredo, TX 78041",,"Rio Grande Dr",,,Laredo,TX,"Webb County",78041,US,"TIGER/Line® dataset from the US Census Bureau"
"BUFFALO SERVICE PROCESSING CENTER",BATAVIA,NY,14020,SPC,TRUE,AKIMA,400,618,08/04/2025,42.980544,-78.231764,1,place,,,"Batavia, NY 14020",,,,,Batavia,NY,"Genesee County",14020,US,"TIGER/Line® dataset from the US Census Bureau"
"GOLDEN STATE ANNEX",MCFARLAND,CA,93250,CDF,TRUE,GEO,560,594,08/04/2025,35.67801,-119.22927,0.5,place,,,"Mc Farland, CA 93250",,,,,"Mc Farland",CA,"Kern County",93250,US,"TIGER/Line® dataset from the US Census Bureau"
"PRINCE EDWARD COUNTY (FARMVILLE)",FARMVILLE,VA,23901,DIGSA,TRUE,CORECIVIC,459,574,08/04/2025,37.291751,-78.438301,1,street_center,"Prince Edward Hwy",,"Farmville, VA 23901",,"Prince Edward Hwy",,,Farmville,VA,"Prince Edward County",23901,US,"TIGER/Line® dataset from the US Census Bureau"
"RIVER CORRECTIONAL CENTER",FERRIDAY,LA,71334,DIGSA,FALSE,ICE,361,555,08/04/2025,31.660219,-91.550218,1,place,,,"Ferriday, LA 71334",,,,,Ferriday,LA,"Concordia Parish",71334,US,"TIGER/Line® dataset from the US Census Bureau"
"CCA, FLORENCE CORRECTIONAL CENTER",FLORENCE,AZ,85232,"USMS IGA",TRUE,CORECIVIC,,451,08/04/2025,32.982354,-111.424943,1,place,,,"Florence, AZ 85232",,,,,Florence,AZ,"Pinal County",85232,US,"TIGER/Line® dataset from the US Census Bureau"
"PLYMOUTH COUNTY CORRECTIONAL FACILITY",PLYMOUTH,MA,2360,IGSA,FALSE,COUNTY,,444,08/04/2025,41.886207,-70.638717,0.5,place,,,"Plymouth, MA 02360",,,,,Plymouth,MA,"Plymouth County",02360,US,"TIGER/Line® dataset from the US Census Bureau"
"TORRANCE/ESTANCIA, NM",ESTANCIA,NM,87016,IGSA,TRUE,CORECIVIC,505,444,08/04/2025,34.752146,-106.16066,0.5,place,,,"Estancia, NM 87016",,,,,Estancia,NM,"Torrance County",87016,US,"TIGER/Line® dataset from the US Census Bureau"
"T DON HUTTO DETENTION CENTER",TAYLOR,TX,76574,DIGSA,TRUE,CORECIVIC,461,429,08/04/2025,30.581504,-97.393787,0.5,place,,,"Taylor, TX 76574",,,,,Taylor,TX,"Williamson County",76574,US,"TIGER/Line® dataset from the US Census Bureau"
"DESERT VIEW ANNEX",ADELANTO,CA,92301,CDF,TRUE,GEO,480,418,08/04/2025,34.526157,-117.41619,1,street_center,"Desert St",,"Adelanto, CA 92301",,"Desert St",,,Adelanto,CA,"San Bernardino County",92301,US,"TIGER/Line® dataset from the US Census Bureau"
"ADELANTO ICE PROCESSING CENTER",ADELANTO,CA,92301,CDF,TRUE,GEO,640,410,08/04/2025,34.577163,-117.400582,1,street_center,"Adelanto Rd",,"Adelanto, CA 92301",,"Adelanto Rd",,,Adelanto,CA,"San Bernardino County",92301,US,"TIGER/Line® dataset from the US Census Bureau"
"FLORENCE SERVICE PROCESSING CENTER",FLORENCE,AZ,85132,SPC,FALSE,ICE,392,384,08/04/2025,33.072249,-111.378917,0.92,street_center,"N Florence St",,"Florence, AZ 85132",,"N Florence St",,,Florence,AZ,"Pinal County",85132,US,"TIGER/Line® dataset from the US Census Bureau"
"WEBB COUNTY DETENTION CENTER (CCA)",LAREDO,TX,78041,DIGSA,TRUE,CORECIVIC,250,378,08/04/2025,27.556714,-99.475079,1,place,,,"Laredo, TX 78041",,,,,Laredo,TX,"Webb County",78041,US,"TIGER/Line® dataset from the US Census Bureau"
"LAREDO PROCESSING CENTER",LAREDO,TX,78041,DIGSA,TRUE,CORECIVIC,,366,08/04/2025,27.507634,-99.476794,0.99,street_center,"Laredo St",,"Laredo, TX 78043",,"Laredo St",,,Laredo,TX,"Webb County",78043,US,"TIGER/Line® dataset from the US Census Bureau"
"NEVADA SOUTHERN DETENTION CENTER",PAHRUMP,NV,89060,"USMS CDF",TRUE,CORECIVIC,,350,08/04/2025,36.49162,-116.16754,1,place,,,"Pahrump, NV 89060",,,,,Pahrump,NV,"Nye County",89060,US,"TIGER/Line® dataset from the US Census Bureau"
"ALEXANDRIA STAGING FACILI",ALEXANDRIA,LA,71303,STAGING,TRUE,GEO,,325,08/04/2025,31.264052,-92.498253,0.9,street_center,"W Alexandra Dr",,"Alexandria, LA 71303",,"W Alexandra Dr",,,Alexandria,LA,"Rapides Parish",71303,US,"TIGER/Line® dataset from the US Census Bureau"
"CAROLINE DETENTION FACILITY","BOWLING GREEN",VA,22427,DIGSA,FALSE,LOCAL,224,298,08/04/2025,38.008401,-77.260353,1,place,,,"Bowling Green, VA 22427",,,,,"Bowling Green",VA,"Caroline County",22427,US,"TIGER/Line® dataset from the US Census Bureau"
"ELIZABETH CONTRACT DETENTION FACILITY",ELIZABETH,NJ,7201,CDF,TRUE,CORECIVIC,285,295,08/04/2025,40.659749,-74.205057,1,street_center,"Elizabeth Ave",,"Elizabeth, NJ 07201",,"Elizabeth Ave",,,Elizabeth,NJ,"Union County",07201,US,"TIGER/Line® dataset from the US Census Bureau"
"FOLKSTON ANNEX IPC",FOLKSTON,GA,31537,DIGSA,TRUE,GEO,338,285,08/04/2025,30.855314,-82.027252,0.5,place,,,"Folkston, GA 31537",,,,,Folkston,GA,"Charlton County",31537,US,"TIGER/Line® dataset from the US Census Bureau"
"BAKER COUNTY SHERIFF DEPT.",MACCLENNY,FL,32063,IGSA,FALSE,COUNTY,192,259,08/04/2025,30.28218,-82.12206,1,place,,,"Macclenny, FL 32063",,,,,Macclenny,FL,"Baker County",32063,US,"TIGER/Line® dataset from the US Census Bureau"
"CLAY COUNTY JUSTICE CENTER",BRAZIL,IN,47834,"USMS IGA",FALSE,COUNTY,,256,08/04/2025,39.382796,-87.009996,0.82,street_center,"S Clay St",,"Bowling Green, IN 47833",,"S Clay St",,,"Bowling Green",IN,"Clay County",47833,US,"TIGER/Line® dataset from the US Census Bureau"
"CIBOLA COUNTY CORRECTIONAL CENTER",MILAN,NM,87021,IGSA,TRUE,CORECIVIC,,223,08/04/2025,35.180851,-107.908438,1,street_center,"Cibola Ct",,"Milan, NM 87021",,"Cibola Ct",,,Milan,NM,"Cibola County",87021,US,"TIGER/Line® dataset from the US Census Bureau"
"MIAMI FEDERAL DETENTION",MIAMI,FL,33132,BOP,FALSE,BOP,,210,08/04/2025,25.789389,-80.19404,0.92,street_center,"NE Miami Ct",,"Miami, FL 33132",,"NE Miami Ct",,,Miami,FL,"Miami-Dade County",33132,US,"TIGER/Line® dataset from the US Census Bureau"
"SAN LUIS REGIONAL DETENTION CENTER","SAN LUIS",AZ,85349,IGSA,TRUE,LASALLE,100,202,08/04/2025,32.487376,-114.758094,1,street_center,"San Luis Ln",,"San Luis, AZ 85349",,"San Luis Ln",,,"San Luis",AZ,"Yuma County",85349,US,"TIGER/Line® dataset from the US Census Bureau"
"FLORENCE STAGING FACILITY",FLORENCE,AZ,85232,STAGING,FALSE,ICE,,187,08/04/2025,33.034911,-111.38366,0.82,street_center,"N Florence St",,"Florence, AZ 85132",,"N Florence St",,,Florence,AZ,"Pinal County",85132,US,"TIGER/Line® dataset from the US Census Bureau"
"PIKE COUNTY JAIL","LORDS VALLEY",PA,18428,IGSA,FALSE,COUNTY,100,187,08/04/2025,41.391148,-75.070849,1,street_center,"Pike County Blvd",,"Hawley, PA 18428",,"Pike County Blvd",,,Hawley,PA,"Pike County",18428,US,"TIGER/Line® dataset from the US Census Bureau"
"ALLEN PARISH PUBLIC SAFETY COMPLEX",OBERLIN,LA,70655,IGSA,FALSE,COUNTY,170,173,08/04/2025,30.884811,-92.824062,0.89,street_center,"Allen Parish",,"Pitkin, LA 70656",,"Allen Parish",,,Pitkin,LA,"Vernon Parish",70656,US,"TIGER/Line® dataset from the US Census Bureau"
"BOONE COUNTY JAIL",BURLINGTON,KY,41005,"USMS IGA",FALSE,COUNTY,,164,08/04/2025,39.015027,-84.773564,1,place,,,"Burlington, KY 41005",,,,,Burlington,KY,"Boone County",41005,US,"TIGER/Line® dataset from the US Census Bureau"
"DELANEY HALL DETENTION FACILITY",NEWARK,NJ,7105,CDF,TRUE,GEO,700,162,08/04/2025,40.723606,-74.147337,1,place,,,"Newark, NJ 07105",,,,,Newark,NJ,"Essex County",07105,US,"TIGER/Line® dataset from the US Census Bureau"
"CALHOUN COUNTY CORRECTIONAL CENTER","BATTLE CREEK",MI,49014,IGSA,FALSE,COUNTY,75,156,08/04/2025,42.324254,-85.179824,0.99,street_center,"Calhoun St",,"Battle Creek, MI 49017",,"Calhoun St",,,"Battle Creek",MI,"Calhoun County",49017,US,"TIGER/Line® dataset from the US Census Bureau"
"KANDIYOHI COUNTY JAIL",WILLMAR,MN,56201,IGSA,FALSE,COUNTY,,145,08/04/2025,45.114811,-95.053071,0.82,street_center,"Kandiyohi Ave SW",,"Willmar, MN 56201",,"Kandiyohi Ave SW",,,Willmar,MN,"Kandiyohi County",56201,US,"TIGER/Line® dataset from the US Census Bureau"
"BUTLER COUNTY JAIL",HAMILTON,OH,45011,"USMS IGA",FALSE,COUNTY,,135,08/04/2025,39.399461,-84.555686,1,street_center,"Butler St",,"Hamilton, OH 45011",,"Butler St",,,Hamilton,OH,"Butler County",45011,US,"TIGER/Line® dataset from the US Census Bureau"
"CIMMARRON CORR FACILITY",CUSHING,OK,74023,"USMS IGA",TRUE,CORECIVIC,,135,08/04/2025,36.029294,-96.855949,1,place,,,"Cushing, OK 74023",,,,,Cushing,OK,"Payne County",74023,US,"TIGER/Line® dataset from the US Census Bureau"
"DILLEY IMMIGRATION PROCESSING CENTER",DILLEY,TX,78017,FAMILY,TRUE,CORECIVIC,"1,920",135,08/04/2025,28.763313,-99.217995,0.5,place,,,"Dilley, TX 78017",,,,,Dilley,TX,"Frio County",78017,US,"TIGER/Line® dataset from the US Census Bureau"
"GREENE COUNTY JAIL",SPRINGFIELD,MO,65802,"USMS IGA",FALSE,COUNTY,,129,08/04/2025,37.20745,-93.354612,1,place,,,"Springfield, MO 65802",,,,,Springfield,MO,"Greene County",65802,US,"TIGER/Line® dataset from the US Census Bureau"
"ORANGE COUNTY JAIL (NY)",GOSHEN,NY,10924,IGSA,FALSE,COUNTY,,122,08/04/2025,41.402958,-74.315198,1,street_center,"Orange Rd",,"Goshen, NY 10924",,"Orange Rd",,,Goshen,NY,"Orange County",10924,US,"TIGER/Line® dataset from the US Census Bureau"
"BERLIN FED. CORR. INST.",BERLIN,NH,3570,BOP,FALSE,BOP,,118,08/04/2025,44.512344,-71.194226,1,place,,,"Berlin, NH 03570",,,,,Berlin,NH,"Coos County",03570,US,"TIGER/Line® dataset from the US Census Bureau"
"EDEN DETENTION CTR",EDEN,TX,76837,"USMS IGA",TRUE,CORECIVIC,,116,08/04/2025,31.174061,-99.876368,1,place,,,"Eden, TX 76837",,,,,Eden,TX,"Concho County",76837,US,"TIGER/Line® dataset from the US Census Bureau"
"KAY CO JUSTICE FACILITY",NEWKIRK,OK,74647,IGSA,FALSE,COUNTY,,113,08/04/2025,36.840009,-97.056112,1,place,,,"Newkirk, OK 74647",,,,,Newkirk,OK,"Kay County",74647,US,"TIGER/Line® dataset from the US Census Bureau"
"WYATT DETENTION CENTER","CENTRAL FALLS",RI,2863,"USMS IGA",TRUE,CENTRALFALLS,,112,08/04/2025,41.889849,-71.394186,1,place,,,"Central Falls, RI 02863",,,,,"Central Falls",RI,"Providence County",02863,US,"TIGER/Line® dataset from the US Census Bureau"
"DODGE COUNTY JAIL",JUNEAU,WI,53039,"USMS IGA",FALSE,COUNTY,,109,08/04/2025,43.372221,-88.710157,1,place,,,"Juneau, WI 53039",,,,,Juneau,WI,"Dodge County",53039,US,"TIGER/Line® dataset from the US Census Bureau"
"NORTHEAST OHIO CORRECTIONAL CENTER",YOUNGSTOWN,OH,44505,"USMS IGA",TRUE,CORECIVIC,,109,08/04/2025,41.143609,-80.646848,1,street_center,"Ohio Ave",,"Youngstown, OH 44505",,"Ohio Ave",,,Youngstown,OH,"Trumbull County",44505,US,"TIGER/Line® dataset from the US Census Bureau"
"STRAFFORD COUNTY CORRECTIONS",DOVER,NH,3820,IGSA,FALSE,COUNTY,,109,08/04/2025,43.22879,-70.899542,1,street_center,"Strafford Rd",,"Dover, NH 03820",,"Strafford Rd",,,Dover,NH,"Strafford County",03820,US,"TIGER/Line® dataset from the US Census Bureau"
"CHASE COUNTY JAIL","COTTONWOOD FALL",KS,66845,IGSA,FALSE,COUNTY,,105,08/04/2025,38.37674,-96.54945,1,place,,,"Cottonwood Falls, KS 66845",,,,,"Cottonwood Falls",KS,"Chase County",66845,US,"TIGER/Line® dataset from the US Census Bureau"
"MONROE COUNTY DETENTION-DORM",MONROE,MI,48161,IGSA,FALSE,COUNTY,,105,08/04/2025,41.9118,-83.401454,1,street_center,Monroe,,"Monroe, MI 48161",,Monroe,,,Monroe,MI,"Monroe County",48161,US,"TIGER/Line® dataset from the US Census Bureau"
"MESA VERDE ICE PROCESSING CENTER",BAKERSFIELD,CA,93301,CDF,TRUE,GEO,320,103,08/04/2025,35.35354,-119.081178,0.99,street_center,"Mesa Verde Way",,"Bakersfield, CA 93309",,"Mesa Verde Way",,,Bakersfield,CA,"Kern County",93309,US,"TIGER/Line® dataset from the US Census Bureau"
"GLADES COUNTY DETENTION CENTER","MOORE HAVEN",FL,33471,IGSA,FALSE,COUNTY,500,100,08/04/2025,26.886471,-81.195575,1,place,,,"Moore Haven, FL 33471",,,,,"Moore Haven",FL,"Glades County",33471,US,"TIGER/Line® dataset from the US Census Bureau"
"CLINTON COUNTY CORRECTIONAL FACILITY",MCELHATTAN,PA,17748,"USMS IGA",FALSE,COUNTY,,84,08/04/2025,41.115056,-77.482519,0.89,street_center,"Clinton Ln",,"Mill Hall, PA 17751",,"Clinton Ln",,,"Mill Hall",PA,"Clinton County",17751,US,"TIGER/Line® dataset from the US Census Bureau"
"ATLANTA US PEN",ATLANTA,GA,30315,BOP,FALSE,BOP,,82,08/04/2025,33.712299,-84.36487,0.8,street_center,"State Rte 42 Spr",,"Atlanta, GA 30315",,"State Rte 42 Spr",,,Atlanta,GA,"Fulton County",30315,US,"TIGER/Line® dataset from the US Census Bureau"
"FREEBORN COUNTY ADULT DETENTION CENTER","ALBERT LEA",MN,56007,IGSA,FALSE,COUNTY,,80,08/04/2025,43.724042,-93.453764,1,street_center,"Freeborn Rd",,"Albert Lea, MN 56007",,"Freeborn Rd",,,"Albert Lea",MN,"Freeborn County",56007,US,"TIGER/Line® dataset from the US Census Bureau"
"LA SALLE COUNTY REGIONAL DETENTION CENTER",ENCINAL,TX,78019,"USMS IGA",FALSE,ICE,,78,08/04/2025,28.040526,-99.356329,0.5,place,,,"Encinal, TX 78019",,,,,Encinal,TX,"La Salle County",78019,US,"TIGER/Line® dataset from the US Census Bureau"
"HENDERSON DETENTION",HENDERSON,NV,89015,"USMS IGA",FALSE,COUNTY,,75,08/04/2025,36.039297,-114.928019,1,place,,,"Henderson, NV 89015",,,,,Henderson,NV,"Clark County",89015,US,"TIGER/Line® dataset from the US Census Bureau"
"ST. CLAIR COUNTY JAIL","PORT HURON",MI,48060,IGSA,FALSE,COUNTY,,69,08/04/2025,43.124104,-82.799866,0.89,street_center,"St Clair St",,"Yale, MI 48097",,"St Clair St",,,Yale,MI,"St. Clair County",48097,US,"TIGER/Line® dataset from the US Census Bureau"
"GRAYSON COUNTY JAIL",LEITCHFIELD,KY,42754,"USMS IGA",FALSE,COUNTY,,61,08/04/2025,37.491253,-86.297674,1,street_center,"Grayson St",,"Leitchfield, KY 42754",,"Grayson St",,,Leitchfield,KY,"Grayson County",42754,US,"TIGER/Line® dataset from the US Census Bureau"
"SENECA COUNTY JAIL",TIFFIN,OH,44883,IGSA,FALSE,COUNTY,,60,08/04/2025,41.123474,-83.162122,1,street_center,"Seneca St",,"Tiffin, OH 44883",,"Seneca St",,,Tiffin,OH,"Seneca County",44883,US,"TIGER/Line® dataset from the US Census Bureau"
"FDC PHILADELPHIA",PHILADELPHIA,PA,19106,BOP,FALSE,BOP,,57,08/04/2025,39.950004,-75.150071,1,place,,,"Philadelphia, PA 19106",,,,,Philadelphia,PA,"Philadelphia County",19106,US,"TIGER/Line® dataset from the US Census Bureau"
"SHERBURNE COUNTY JAIL","ELK RIVER",MN,55330,IGSA,FALSE,COUNTY,,57,08/04/2025,45.29802,-93.57246,1,place,,,"Elk River, MN 55330",,,,,"Elk River",MN,"Sherburne County",55330,US,"TIGER/Line® dataset from the US Census Bureau"
"CUMBERLAND COUNTY JAIL",PORTLAND,ME,4102,"USMS IGA",FALSE,COUNTY,,56,08/04/2025,43.657977,-70.304301,1,place,,,"Portland, ME 04102",,,,,Portland,ME,"Cumberland County",04102,US,"TIGER/Line® dataset from the US Census Bureau"
"TULSA COUNTY JAIL (DAVID L. MOSS JUSTICE CTR)",TULSA,OK,74103,IGSA,FALSE,COUNTY,,50,08/04/2025,36.155392,-95.994424,1,place,,,"Tulsa, OK 74103",,,,,Tulsa,OK,"Tulsa County",74103,US,"TIGER/Line® dataset from the US Census Bureau"
"MARION COUNTY JAIL",INDIANAPOLIS,IN,46203,"USMS IGA",FALSE,COUNTY,,48,08/04/2025,39.743493,-86.113535,1,place,,,"Indianapolis, IN 46203",,,,,Indianapolis,IN,"Marion County",46203,US,"TIGER/Line® dataset from the US Census Bureau"
"OLDHAM COUNTY DETENTION CENTER","LA GRANGE",KY,40031,"USMS IGA",FALSE,COUNTY,,48,08/04/2025,38.394706,-85.364643,1,street_center,"Oldham Pl",,"La Grange, KY 40031",,"Oldham Pl",,,"La Grange",KY,"Oldham County",40031,US,"TIGER/Line® dataset from the US Census Bureau"
"NORTH LAKE CORRECTIONAL F",BALDWIN,MI,49304,CDF,TRUE,GEO,,47,08/04/2025,43.929225,-85.840774,0.5,place,,,"Baldwin, MI 49304",,,,,Baldwin,MI,"Lake County",49304,US,"TIGER/Line® dataset from the US Census Bureau"
"HONOLULU FEDERAL DETENTION CENTER",HONOLULU,HI,96819,BOP,FALSE,BOP,,44,08/04/2025,21.347927,-157.876274,1,place,,,"Honolulu, HI 96819",,,,,Honolulu,HI,"Honolulu County",96819,US,"TIGER/Line® dataset from the US Census Bureau"
"GEAUGA COUNTY JAIL",CHARDON,OH,44024,"USMS IGA",FALSE,COUNTY,,43,08/04/2025,41.572432,-81.157142,1,place,,,"Chardon, OH 44024",,,,,Chardon,OH,"Geauga County",44024,US,"TIGER/Line® dataset from the US Census Bureau"
"POLK COUNTY JAIL","DES MOINES",IA,50313,"USMS IGA",FALSE,COUNTY,,42,08/04/2025,41.643316,-93.621343,1,place,,,"Des Moines, IA 50313",,,,,"Des Moines",IA,"Polk County",50313,US,"TIGER/Line® dataset from the US Census Bureau"
"CAMPBELL CO DET CTR",NEWPORT,KY,41071,"USMS IGA",FALSE,COUNTY,,40,08/04/2025,39.035644,-84.4658,0.95,street_center,"Campbell Dr",,"Newport, KY 41099",,"Campbell Dr",,,Newport,KY,"Campbell County",41099,US,"TIGER/Line® dataset from the US Census Bureau"
"LIMESTONE COUNTY DETENTION CENTER",GROESBECK,TX,76642,"USMS IGA",FALSE,COUNTY,,39,08/04/2025,31.473823,-96.543147,0.5,place,,,"Groesbeck, TX 76642",,,,,Groesbeck,TX,"Limestone County",76642,US,"TIGER/Line® dataset from the US Census Bureau"
"PICKENS COUNTY DET CTR",CARROLLTON,AL,35447,IGSA,FALSE,COUNTY,,38,08/04/2025,33.289682,-88.117113,1,place,,,"Carrollton, AL 35447",,,,,Carrollton,AL,"Pickens County",35447,US,"TIGER/Line® dataset from the US Census Bureau"
"LEAVENWORTH US PENITENTIARY",LEAVENWORTH,KS,66048,BOP,FALSE,BOP,,37,08/04/2025,39.279656,-94.982216,1,place,,,"Leavenworth, KS 66048",,,,,Leavenworth,KS,"Leavenworth County",66048,US,"TIGER/Line® dataset from the US Census Bureau"
"POTTAWATTAMIE COUNTY JAIL","COUNCIL BLUFFS",IA,51501,"USMS IGA",FALSE,COUNTY,,36,08/04/2025,41.23238,-95.875086,1,place,,,"Council Bluffs, IA 51501",,,,,"Council Bluffs",IA,"Pottawattamie County",51501,US,"TIGER/Line® dataset from the US Census Bureau"
"HOPKINS COUNTY JAIL",MADISONVILLE,KY,42431,"USMS IGA",FALSE,COUNTY,,35,08/04/2025,37.323317,-87.484933,1,street_center,"Hopkins St",,"Madisonville, KY 42431",,"Hopkins St",,,Madisonville,KY,"Hopkins County",42431,US,"TIGER/Line® dataset from the US Census Bureau"
"MAHONING COUNTY JAIL",YOUNGSTOWN,OH,44503,"USMS IGA",FALSE,COUNTY,,35,08/04/2025,41.099258,-80.655146,1,place,,,"Youngstown, OH 44503",,,,,Youngstown,OH,"Mahoning County",44503,US,"TIGER/Line® dataset from the US Census Bureau"
"ETOWAH COUNTY JAIL (ALABAMA)",GADSDEN,AL,35901,"USMS IGA",FALSE,COUNTY,,34,08/04/2025,34.049367,-85.934285,1,place,,,"Gadsden, AL 35901",,,,,Gadsden,AL,"Etowah County",35901,US,"TIGER/Line® dataset from the US Census Bureau"
"CORR. CTR OF NORTHWEST OHIO",STRYKER,OH,43557,"USMS IGA",FALSE,COUNTY,,33,08/04/2025,41.488708,-84.409876,1,place,,,"Stryker, OH 43557",,,,,Stryker,OH,"Williams County",43557,US,"TIGER/Line® dataset from the US Census Bureau"
"CHIPPEWA COUNTY SSM","SAULT STE MARIE",MI,49783,IGSA,FALSE,COUNTY,,32,08/04/2025,46.4953,-84.345317,0.75,place,,,"Sault Sainte Marie, MI 49783",,,,,"Sault Sainte Marie",MI,"Chippewa County",49783,US,"TIGER/Line® dataset from the US Census Bureau"
"STE. GENEVIEVE COUNTY SHERIFF/JAIL","STE. GENEVIEVE",MO,63670,"USMS IGA",FALSE,COUNTY,,32,08/04/2025,37.981442,-90.041779,0.25,place,,,"Sainte Genevieve, MO 63670",,,,,"Sainte Genevieve",MO,"Ste. Genevieve County",63670,US,"TIGER/Line® dataset from the US Census Bureau"
"PHELPS COUNTY JAIL (NE)",HOLDREGE,NE,68949,"USMS IGA",FALSE,COUNTY,,31,08/04/2025,40.429207,-99.325955,0.5,place,,,"Holdrege, NE 68949",,,,,Holdrege,NE,"Phelps County",68949,US,"TIGER/Line® dataset from the US Census Bureau"
"CLARK COUNTY JAIL (IN)",JEFFERSONVILLE,IN,47130,"USMS IGA",FALSE,COUNTY,,29,08/04/2025,38.268806,-85.743137,1,street_center,"Clark St",,"Jeffersonville, IN 47130",,"Clark St",,,Jeffersonville,IN,"Clark County",47130,US,"TIGER/Line® dataset from the US Census Bureau"
"COASTAL BEND DETENTION FACILITY",ROBSTOWN,TX,78380,"USMS IGA",TRUE,GEO,,26,08/04/2025,27.795517,-97.752083,1,place,,,"Robstown, TX 78380",,,,,Robstown,TX,"Nueces County",78380,US,"TIGER/Line® dataset from the US Census Bureau"
"KNOX COUNTY DETENTION FACILITY",KNOXVILLE,TN,37918,"USMS IGA",FALSE,COUNTY,,25,08/04/2025,36.032653,-83.932695,1,street_center,"Knox Rd NE",,"Knoxville, TN 37918",,"Knox Rd NE",,,Knoxville,TN,"Knox County",37918,US,"TIGER/Line® dataset from the US Census Bureau"
"ALAMANCE COUNTY DETENTION FACILITY",GRAHAM,NC,27253,IGSA,FALSE,COUNTY,40,23,08/04/2025,35.972114,-79.347527,1,place,,,"Graham, NC 27253",,,,,Graham,NC,"Alamance County",27253,US,"TIGER/Line® dataset from the US Census Bureau"
"DAKOTA COUNTY JAIL","DAKOTA CITY",NE,68731,"USMS IGA",FALSE,COUNTY,,23,08/04/2025,42.446977,-96.499063,1,street_center,"Dakota St",,"Dakota City, NE 68731",,"Dakota St",,,"Dakota City",NE,"Dakota County",68731,US,"TIGER/Line® dataset from the US Census Bureau"
"HANCOCK COUNTY PUBLIC SAFETY COMPLEX","BAY ST. LOUIS",MS,39520,IGSA,FALSE,COUNTY,,22,08/04/2025,30.2791,-89.441784,1,street_center,"Hancock Dr",,"Bay Saint Louis, MS 39520",,"Hancock Dr",,,"Bay Saint Louis",MS,"Hancock County",39520,US,"TIGER/Line® dataset from the US Census Bureau"
"WOODBURY COUNTY JAIL","SIOUX CITY",IA,51101,"USMS IGA",FALSE,COUNTY,,21,08/04/2025,42.494745,-96.399356,1,place,,,"Sioux City, IA 51101",,,,,"Sioux City",IA,"Woodbury County",51101,US,"TIGER/Line® dataset from the US Census Bureau"
"PHELPS COUNTY JAIL (MO)",ROLLA,MO,65401,"USMS IGA",FALSE,COUNTY,,19,08/04/2025,37.942919,-91.767956,1,street_center,"Phelps Ave",,"Rolla, MO 65401",,"Phelps Ave",,,Rolla,MO,"Phelps County",65401,US,"TIGER/Line® dataset from the US Census Bureau"
"ORANGE COUNTY JAIL (FL)",ORLANDO,FL,32839,"USMS IGA",FALSE,COUNTY,,18,08/04/2025,28.500003,-81.376038,0.9,street_center,"Orange St",,"Orlando, FL 32806",,"Orange St",,,Orlando,FL,"Orange County",32806,US,"TIGER/Line® dataset from the US Census Bureau"
"JTF CAMP SIX",FPO,FL,34009,DOD,FALSE,DOD,,16,08/04/2025,0,0,0,,,,,,,,,,,,,,
"KENTON COUNTY JAIL",COVINGTON,KY,41017,IGSA,FALSE,COUNTY,,16,08/04/2025,39.081967,-84.559684,0.99,street_center,"Kenton St",,"Covington, KY 41016",,"Kenton St",,,Covington,KY,"Kenton County",41016,US,"TIGER/Line® dataset from the US Census Bureau"
"COLLIER COUNTY NAPLES JAIL CENTER",NAPLES,FL,34112,IGSA,FALSE,COUNTY,,15,08/04/2025,26.118429,-81.736052,1,place,,,"Naples, FL 34112",,,,,Naples,FL,"Collier County",34112,US,"TIGER/Line® dataset from the US Census Bureau"
"LINCOLN COUNTY JAIL","NORTH PLATTE",NE,69101,"USMS IGA",FALSE,COUNTY,,15,08/04/2025,41.102555,-100.74907,0.5,place,,,"North Platte, NE 69101",,,,,"North Platte",NE,"Lincoln County",69101,US,"TIGER/Line® dataset from the US Census Bureau"
"BROOKLYN MDC",BROOKLYN,NY,11232,BOP,FALSE,BOP,,14,08/04/2025,40.660046,-73.945227,0.95,street_center,"Brooklyn Rd",,"Brooklyn, NY 11203",,"Brooklyn Rd",,,Brooklyn,NY,"Kings County",11203,US,"TIGER/Line® dataset from the US Census Bureau"
"ERIE COUNTY JAIL",ERIE,PA,16503,"USMS IGA",FALSE,COUNTY,,13,08/04/2025,42.126757,-80.061029,1,place,,,"Erie, PA 16503",,,,,Erie,PA,"Erie County",16503,US,"TIGER/Line® dataset from the US Census Bureau"
"SOUTH CENTRAL REGIONAL JAIL",CHARLESTON,WV,25309,IGSA,FALSE,STATE,,13,08/04/2025,38.310767,-81.756808,1,place,,,"Charleston, WV 25309",,,,,Charleston,WV,"Kanawha County",25309,US,"TIGER/Line® dataset from the US Census Bureau"
"PINELLAS COUNTY JAIL",CLEARWATER,FL,33762,"USMS IGA",FALSE,COUNTY,,12,08/04/2025,27.89417,-82.674571,1,place,,,"Clearwater, FL 33762",,,,,Clearwater,FL,"Pinellas County",33762,US,"TIGER/Line® dataset from the US Census Bureau"
"SAN JUAN STAGING",GUAYNABO,PR,965,STAGING,FALSE,ICE,,12,08/04/2025,18.433757,-66.114752,0.5,place,,,"Guaynabo, PR 00965",,,,,Guaynabo,PR,"Guaynabo Municipio",00965,US,"TIGER/Line® dataset from the US Census Bureau"
"WASHOE COUNTY JAIL",RENO,NV,89506,"USMS IGA",FALSE,COUNTY,,12,08/04/2025,39.695488,-119.811146,1,place,,,"Reno, NV 89506",,,,,Reno,NV,"Washoe County",89506,US,"TIGER/Line® dataset from the US Census Bureau"
"MIGRANT OPS CENTER MAIN A",FPO,FL,34009,MOC,FALSE,ICE,,11,08/04/2025,30.955907,-87.364552,0.75,place,,,"Century, FL 32535",,,,,Century,FL,"Escambia County",32535,US,"TIGER/Line® dataset from the US Census Bureau"
"MUSCATINE COUNTY JAIL",MUSCATINE,IA,52761,"USMS IGA",FALSE,COUNTY,,11,08/04/2025,41.357801,-91.128593,1,street_center,"Muscatine St",,"Muscatine, IA 52761",,"Muscatine St",,,Muscatine,IA,"Muscatine County",52761,US,"TIGER/Line® dataset from the US Census Bureau"
"NASSAU COUNTY CORRECTIONAL CENTER","EAST MEADOW",NY,11554,"USMS IGA",FALSE,COUNTY,,11,08/04/2025,40.6817,-73.59146,0.86,street_center,"Nassau Rd",,"Roosevelt, NY 11575",,"Nassau Rd",,,Roosevelt,NY,"Nassau County",11575,US,"TIGER/Line® dataset from the US Census Bureau"
"TWO BRIDGES REGIONAL JAIL",WISCASSET,ME,4578,"USMS IGA",FALSE,STATE,,11,08/04/2025,43.972814,-69.671759,1,range_interpolation,"2 Bridge Rd",,"Westport Island, ME 04578",2,"Bridge Rd",,,"Westport Island",ME,"Lincoln County",04578,US,"TIGER/Line® dataset from the US Census Bureau"
"EAST HIDALGO DETENTION CENTER","LA VILLA",TX,78562,"USMS IGA",TRUE,GEO,,10,08/04/2025,26.417784,-97.788668,0.89,street_center,"E Hidalgo St",,"Lyford, TX 78569",,"E Hidalgo St",,,Lyford,TX,"Willacy County",78569,US,"TIGER/Line® dataset from the US Census Bureau"
"DEPARTMENT OF CORRECTIONS HAGATNA",HAGATNA,GU,96910,"USMS IGA",FALSE,COUNTY,,8,08/04/2025,13.472745,144.752018,1,place,,,"Hagatna, GU 96910",,,,,Hagatna,GU,Guam,96910,US,"TIGER/Line® dataset from the US Census Bureau"
"HARDIN COUNTY JAIL",ELDORA,IA,50627,IGSA,FALSE,COUNTY,,8,08/04/2025,42.335289,-93.141651,1,place,,,"Eldora, IA 50627",,,,,Eldora,IA,"Hardin County",50627,US,"TIGER/Line® dataset from the US Census Bureau"
"NORTHWEST STATE CORRECTIONAL CENTER",SWANTON,VT,5488,"USMS IGA",FALSE,STATE,,8,08/04/2025,44.9181,-73.1243,1,place,,,"Swanton, VT 05488",,,,,Swanton,VT,"Franklin County",05488,US,"TIGER/Line® dataset from the US Census Bureau"
"ROBERT A DEYTON DETENTION FACILITY",LOVEJOY,GA,30250,"USMS CDF",TRUE,GEO,,8,08/04/2025,33.436532,-84.314206,1,place,,,"Lovejoy, GA 30250",,,,,Lovejoy,GA,"Clayton County",30250,US,"TIGER/Line® dataset from the US Census Bureau"
"DALLAS COUNTY JAIL - LEW STERRETT JUSTICE CENTER",DALLAS,TX,75202,"USMS IGA",FALSE,COUNTY,,7,08/04/2025,32.93111,-96.821397,0.9,street_center,"Dallas Pkwy",,"Dallas, TX 75240",,"Dallas Pkwy",,,Dallas,TX,"Dallas County",75240,US,"TIGER/Line® dataset from the US Census Bureau"
"LINN COUNTY JAIL","CEDAR RAPIDS",IA,52401,"USMS IGA",FALSE,COUNTY,,7,08/04/2025,41.976612,-91.657578,1,place,,,"Cedar Rapids, IA 52401",,,,,"Cedar Rapids",IA,"Linn County",52401,US,"TIGER/Line® dataset from the US Census Bureau"
"SAIPAN DEPARTMENT OF CORRECTIONS (SUSUPE)",SAIPAN,MP,96950,"USMS IGA",FALSE,STATE,,7,08/04/2025,15.190983,145.746743,1,place,,,"Saipan, MP 96950",,,,,Saipan,MP,"Saipan Municipality",96950,US,"TIGER/Line® dataset from the US Census Bureau"
"WALTON COUNTY JAIL","DEFUNIAK SPRINGS",FL,32433,"USMS IGA",FALSE,COUNTY,,7,08/04/2025,30.742978,-86.134569,1,street_center,"Walton Rd",,"Defuniak Springs, FL 32433",,"Walton Rd",,,"Defuniak Springs",FL,"Walton County",32433,US,"TIGER/Line® dataset from the US Census Bureau"
"BROOME COUNTY JAIL",BINGHAMTON,NY,13905,IGSA,FALSE,COUNTY,,6,08/04/2025,42.098771,-75.894558,0.99,street_center,"Broome St",,"Binghamton, NY 13903",,"Broome St",,,Binghamton,NY,"Broome County",13903,US,"TIGER/Line® dataset from the US Census Bureau"
"CASS COUNTY JAIL",PLATTSMOUTH,NE,68048,"USMS IGA",FALSE,COUNTY,,6,08/04/2025,40.971961,-96.001244,1,place,,,"Plattsmouth, NE 68048",,,,,Plattsmouth,NE,"Cass County",68048,US,"TIGER/Line® dataset from the US Census Bureau"
"CLINTON COUNTY JAIL",PLATTSBURGH,NY,12901,"USMS IGA",FALSE,COUNTY,,6,08/04/2025,44.698015,-73.453787,1,street_center,"Clinton St",,"Plattsburgh, NY 12901",,"Clinton St",,,Plattsburgh,NY,"Clinton County",12901,US,"TIGER/Line® dataset from the US Census Bureau"
"CLINTON COUNTY JAIL",FRANKFORT,IN,46041,"USMS IGA",FALSE,COUNTY,,6,08/04/2025,40.280447,-86.51552,0.92,street_center,"W Clinton St",,"Frankfort, IN 46041",,"W Clinton St",,,Frankfort,IN,"Clinton County",46041,US,"TIGER/Line® dataset from the US Census Bureau"
"GRAND FORKS COUNTY CORRECTIONAL FACILITY","GRAND FORKS",ND,58203,"USMS IGA",FALSE,COUNTY,,6,08/04/2025,47.500984,-97.372312,0.89,street_center,"Grand Forks Ave",,"Portland, ND 58274",,"Grand Forks Ave",,,Portland,ND,"Traill County",58274,US,"TIGER/Line® dataset from the US Census Bureau"
"MADISON COUNTY JAIL",CANTON,MS,39046,"USMS IGA",FALSE,COUNTY,,6,08/04/2025,32.611965,-90.023099,0.92,street_center,"S Madison St",,"Canton, MS 39046",,"S Madison St",,,Canton,MS,"Madison County",39046,US,"TIGER/Line® dataset from the US Census Bureau"
"SALT LAKE COUNTY METRO JAIL","SALT LAKE CITY",UT,84119,"USMS IGA",FALSE,COUNTY,,6,08/04/2025,40.687828,-111.917523,0.9,street_center,"Salt River Way",,"Salt Lake City, UT 84119",,"Salt River Way",,,"Salt Lake City",UT,"Salt Lake County",84119,US,"TIGER/Line® dataset from the US Census Bureau"
"ALLEGANY COUNTY JAIL",BELMONT,NY,14813,IGSA,FALSE,COUNTY,,5,08/04/2025,42.242168,-77.963148,1,place,,,"Belmont, NY 14813",,,,,Belmont,NY,"Allegany County",14813,US,"TIGER/Line® dataset from the US Census Bureau"
"BURLEIGH COUNTY",BISMARCK,ND,58502,"USMS IGA",FALSE,COUNTY,,5,08/04/2025,46.765554,-100.783133,0.99,street_center,"Burleigh Dr",,"Bismarck, ND 58504",,"Burleigh Dr",,,Bismarck,ND,"Burleigh County",58504,US,"TIGER/Line® dataset from the US Census Bureau"
"JEFFERSON COUNTY JAIL",RIGBY,ID,83442,IGSA,FALSE,COUNTY,,5,08/04/2025,43.692206,-111.889325,1,place,,,"Rigby, ID 83442",,,,,Rigby,ID,"Jefferson County",83442,US,"TIGER/Line® dataset from the US Census Bureau"
"ANCHORAGE CORRECTIONAL COMPLEX",ANCHORAGE,AK,99501,"USMS IGA",FALSE,STATE,,4,08/04/2025,61.220018,-149.855702,1,place,,,"Anchorage, AK 99501",,,,,Anchorage,AK,"Anchorage Municipality",99501,US,"TIGER/Line® dataset from the US Census Bureau"
"LEXINGTON COUNTY JAIL",LEXINGTON,SC,29072,"USMS IGA",FALSE,COUNTY,,4,08/04/2025,33.976907,-81.253034,1,place,,,"Lexington, SC 29072",,,,,Lexington,SC,"Lexington County",29072,US,"TIGER/Line® dataset from the US Census Bureau"
"NATRONA COUNTY JAIL",CASPER,WY,82601,"USMS IGA",FALSE,COUNTY,,4,08/04/2025,42.850603,-106.384327,0.89,street_center,"Natrona Ave",,"Mills, WY 82644",,"Natrona Ave",,,Mills,WY,"Natrona County",82644,US,"TIGER/Line® dataset from the US Census Bureau"
"NORTHERN REGIONAL JAIL",MOUNDSVILLE,WV,26041,IGSA,FALSE,COUNTY,,4,08/04/2025,39.916748,-80.737134,1,place,,,"Moundsville, WV 26041",,,,,Moundsville,WV,"Marshall County",26041,US,"TIGER/Line® dataset from the US Census Bureau"
"OZARK COUNTY SHERIFF'S OFFICE",GAINESVILLE,MO,65655,IGSA,FALSE,COUNTY,,4,08/04/2025,36.605575,-92.415322,1,place,,,"Gainesville, MO 65655",,,,,Gainesville,MO,"Ozark County",65655,US,"TIGER/Line® dataset from the US Census Bureau"
"PUTNAM COUNTY SHERIFF",COOKEVILLE,TN,38501,"USMS IGA",FALSE,COUNTY,,4,08/04/2025,36.153378,-85.531613,1,street_center,"Putnam Dr",,"Cookeville, TN 38501",,"Putnam Dr",,,Cookeville,TN,"Putnam County",38501,US,"TIGER/Line® dataset from the US Census Bureau"
"SARPY COUNTY JAIL",PAPILLION,NE,68046,"USMS IGA",FALSE,COUNTY,,4,08/04/2025,41.118594,-96.060367,1,place,,,"Papillion, NE 68046",,,,,Papillion,NE,"Sarpy County",68046,US,"TIGER/Line® dataset from the US Census Bureau"
"CHITTENDEN REGIONAL CORRECTIONAL FACILITY","SOUTH BURLINGTON",VT,5403,"USMS IGA",FALSE,COUNTY,,3,08/04/2025,44.464368,-73.205891,0.99,street_center,"Chittenden Dr",,"Burlington, VT 05401",,"Chittenden Dr",,,Burlington,VT,"Chittenden County",05401,US,"TIGER/Line® dataset from the US Census Bureau"
"FLOYD COUNTY JAIL",ROME,GA,30161,"USMS IGA",FALSE,COUNTY,,3,08/04/2025,34.241733,-85.171591,1,place,,,"Rome, GA 30161",,,,,Rome,GA,"Floyd County",30161,US,"TIGER/Line® dataset from the US Census Bureau"
"NORTHWEST REGIONAL CORRECTIONS CENTER",CROOKSTON,MN,56716,"USMS IGA",FALSE,COUNTY,,3,08/04/2025,47.705082,-96.412,1,place,,,"Crookston, MN 56716",,,,,Crookston,MN,"Polk County",56716,US,"TIGER/Line® dataset from the US Census Bureau"
"PENNINGTON COUNTY JAIL (SOUTH DAKOTA)","RAPID CITY",SD,57701,"USMS IGA",FALSE,COUNTY,,3,08/04/2025,44.070872,-103.134308,0.87,street_center,"Pennington St",,"Box Elder, SD 57719",,"Pennington St",,,"Box Elder",SD,"Pennington County",57719,US,"TIGER/Line® dataset from the US Census Bureau"
"SWEETWATER COUNTY JAIL","ROCK SPRINGS",WY,82935,"USMS IGA",FALSE,COUNTY,,3,08/04/2025,41.552847,-109.502321,1,street_center,"Sweetwater Ln",,"Green River, WY 82935",,"Sweetwater Ln",,,"Green River",WY,"Sweetwater County",82935,US,"TIGER/Line® dataset from the US Census Bureau"
"WASHINGTON COUNTY DETENTION CENTER",FAYETTEVILLE,AR,72701,"USMS IGA",FALSE,COUNTY,,3,08/04/2025,35.974602,-94.190997,1,place,,,"Fayetteville, AR 72701",,,,,Fayetteville,AR,"Washington County",72701,US,"TIGER/Line® dataset from the US Census Bureau"
"FAYETTE COUNTY DETENTION CENTER",LEXINGTON,KY,40510,"USMS IGA",FALSE,COUNTY,,2,08/04/2025,38.06146,-84.594901,1,place,,,"Lexington, KY 40510",,,,,Lexington,KY,"Fayette County",40510,US,"TIGER/Line® dataset from the US Census Bureau"
"LAUREL COUNTY CORRECTIONAL CENTER",LONDON,KY,40744,"USMS IGA",FALSE,COUNTY,,2,08/04/2025,37.07648,-84.012096,1,street_center,"Laurel Rd",,"London, KY 40744",,"Laurel Rd",,,London,KY,"Laurel County",40744,US,"TIGER/Line® dataset from the US Census Bureau"
"LUBBOCK COUNTY DETENTION CENTER",LUBBOCK,TX,79401,"USMS IGA",FALSE,COUNTY,,2,08/04/2025,33.588771,-101.850445,1,place,,,"Lubbock, TX 79401",,,,,Lubbock,TX,"Lubbock County",79401,US,"TIGER/Line® dataset from the US Census Bureau"
"MILLER COUNTY JAIL",TEXARKANA,AR,71854,"USMS IGA",FALSE,COUNTY,,2,08/04/2025,33.431043,-93.876485,0.5,place,,,"Texarkana, AR 71854",,,,,Texarkana,AR,"Miller County",71854,US,"TIGER/Line® dataset from the US Census Bureau"
"NIAGARA COUNTY JAIL",LOCKPORT,NY,14094,"USMS IGA",FALSE,COUNTY,,2,08/04/2025,43.170531,-78.706536,1,street_center,"Niagara Ct",,"Lockport, NY 14094",,"Niagara Ct",,,Lockport,NY,"Niagara County",14094,US,"TIGER/Line® dataset from the US Census Bureau"
"TOOELE COUNTY JAIL",TOOELE,UT,84074,"USMS IGA",FALSE,COUNTY,,2,08/04/2025,40.530054,-112.326333,1,street_center,"Tooele Blvd",,"Tooele, UT 84074",,"Tooele Blvd",,,Tooele,UT,"Tooele County",84074,US,"TIGER/Line® dataset from the US Census Bureau"
"UINTA COUNTY JAIL",EVANSTON,WY,82930,"USMS IGA",FALSE,COUNTY,,2,08/04/2025,41.263582,-110.970008,1,street_center,"Uinta Dr",,"Evanston, WY 82930",,"Uinta Dr",,,Evanston,WY,"Uinta County",82930,US,"TIGER/Line® dataset from the US Census Bureau"
"WASHINGTON COUNTY JAIL (PURGATORY CORRECTIONAL FAC",HURRICANE,UT,84737,"USMS IGA",FALSE,COUNTY,,2,08/04/2025,37.145366,-113.367458,1,place,,,"Hurricane, UT 84737",,,,,Hurricane,UT,"Washington County",84737,US,"TIGER/Line® dataset from the US Census Bureau"
"BOURBON CO DET CENTER",PARIS,KY,40361,"USMS IGA",FALSE,COUNTY,,1,08/04/2025,38.201954,-84.323886,0.9,street_center,"Bourbon Acres Rd",,"Paris, KY 40361",,"Bourbon Acres Rd",,,Paris,KY,"Bourbon County",40361,US,"TIGER/Line® dataset from the US Census Bureau"
"LAKE COUNTY JAIL",TAVARES,FL,32778,IGSA,FALSE,COUNTY,,1,08/04/2025,28.767762,-81.725272,1,place,,,"Tavares, FL 32778",,,,,Tavares,FL,"Lake County",32778,US,"TIGER/Line® dataset from the US Census Bureau"
"LOGAN COUNTY JAIL",GUTHRIE,OK,73044,"USMS IGA",FALSE,COUNTY,,1,08/04/2025,35.883344,-97.439827,0.92,street_center,"W Logan Ave",,"Guthrie, OK 73044",,"W Logan Ave",,,Guthrie,OK,"Logan County",73044,US,"TIGER/Line® dataset from the US Census Bureau"
"MINNEHAHA COUNTY JAIL","SIOUX FALLS",SD,57104,"USMS IGA",FALSE,COUNTY,,1,08/04/2025,43.525178,-96.757176,0.92,street_center,"W Minnehaha Dr",,"Sioux Falls, SD 57105",,"W Minnehaha Dr",,,"Sioux Falls",SD,"Minnehaha County",57105,US,"TIGER/Line® dataset from the US Census Bureau"
"MONTGOMERY COUNTY JAIL",FONDA,NY,12068,IGSA,FALSE,COUNTY,,1,08/04/2025,42.95452,-74.37652,1,place,,,"Fonda, NY 12068",,,,,Fonda,NY,"Montgomery County",12068,US,"TIGER/Line® dataset from the US Census Bureau"
"NEW HANOVER COUNTY JAIL","CASTLE HAYNE",NC,28429,"USMS IGA",FALSE,COUNTY,,1,08/04/2025,34.329932,-77.887477,1,place,,,"Castle Hayne, NC 28429",,,,,"Castle Hayne",NC,"New Hanover County",28429,US,"TIGER/Line® dataset from the US Census Bureau"
"SAUK COUNTY SHERIFF",BARABOO,WI,53913,"USMS IGA",FALSE,COUNTY,,1,08/04/2025,43.47109,-89.74429,1,place,,,"Baraboo, WI 53913",,,,,Baraboo,WI,"Sauk County",53913,US,"TIGER/Line® dataset from the US Census Bureau"
"SEBASTIAN COUNTY DETENTION CENTER","FORT SMITH",AR,72901,"USMS IGA",FALSE,COUNTY,,1,08/04/2025,35.366188,-94.416458,1,place,,,"Fort Smith, AR 72901",,,,,"Fort Smith",AR,"Sebastian County",72901,US,"TIGER/Line® dataset from the US Census Bureau"
"WAUKESHA COUNTY JAIL",WAUKESHA,WI,53186,"USMS IGA",FALSE,COUNTY,,1,08/04/2025,43.022155,-88.204676,1,place,,,"Waukesha, WI 53186",,,,,Waukesha,WI,"Waukesha County",53186,US,"TIGER/Line® dataset from the US Census Bureau"
"DOUGLAS COUNTY",SUPERIOR,WI,54880,"USMS IGA",FALSE,COUNTY,,0,08/04/2025,46.574982,-92.117578,1,place,,,"Superior, WI 54880",,,,,Superior,WI,"Douglas County",54880,US,"TIGER/Line® dataset from the US Census Bureau"
"ELMORE COUNTY JAIL","MOUNTAIN HOME",ID,83647,"USMS IGA",FALSE,COUNTY,,0,08/04/2025,43.156195,-115.720455,1,place,,,"Mountain Home, ID 83647",,,,,"Mountain Home",ID,"Elmore County",83647,US,"TIGER/Line® dataset from the US Census Bureau"
